lambda,seed,residuum,penalty,warmup,mode,split,acc_fine,acc_coarse,exact,consist,soft_viol,epochs,timestamp
0,0,lukasiewicz,linear,3,raw,val,25.3600,38.6800,21.0800,70.9800,0.038140,20,2026-07-19T11:09:11
0,0,lukasiewicz,linear,3,hard,val,25.3600,38.4800,25.3600,100.0000,0.038140,20,2026-07-19T11:09:11
0,0,lukasiewicz,linear,3,marginal,val,25.3600,39.5200,23.1400,82.3600,0.038140,20,2026-07-19T11:09:11
0,0,lukasiewicz,linear,3,raw,test,25.3700,37.9200,21.4300,71.6900,0.037701,20,2026-07-19T11:09:15
0,0,lukasiewicz,linear,3,hard,test,25.3700,38.2600,25.3700,100.0000,0.037701,20,2026-07-19T11:09:15
0,0,lukasiewicz,linear,3,marginal,test,25.3700,38.7600,23.4500,82.8000,0.037701,20,2026-07-19T11:09:15
0,0,lukasiewicz,linear,3,raw,val,24.6600,37.2400,20.3200,70.5400,0.030405,15,2026-07-19T11:30:19
0,0,lukasiewicz,linear,3,hard,val,24.6600,37.4400,24.6600,100.0000,0.030405,15,2026-07-19T11:30:19
0,0,lukasiewicz,linear,3,marginal,val,24.6600,38.1200,22.1400,80.4200,0.030405,15,2026-07-19T11:30:19
1,0,lukasiewicz,linear,3,raw,val,24.3800,37.4400,21.5600,76.5600,0.010655,15,2026-07-19T11:39:47
1,0,lukasiewicz,linear,3,hard,val,24.3800,37.9800,24.3800,100.0000,0.010655,15,2026-07-19T11:39:47
1,0,lukasiewicz,linear,3,marginal,val,24.3800,38.1800,22.1400,81.6000,0.010655,15,2026-07-19T11:39:47
0,1,lukasiewicz,linear,3,raw,val,25.0000,38.0200,21.1400,72.0800,0.037735,20,2026-07-19T22:02:31
0,1,lukasiewicz,linear,3,hard,val,25.0000,38.6000,25.0000,100.0000,0.037735,20,2026-07-19T22:02:31
0,1,lukasiewicz,linear,3,marginal,val,25.0000,39.2000,22.8400,82.7000,0.037735,20,2026-07-19T22:02:31
0,1,lukasiewicz,linear,3,raw,test,25.0200,37.8800,20.6700,70.9200,0.036320,20,2026-07-19T22:02:32
0,1,lukasiewicz,linear,3,hard,test,25.0200,38.3900,25.0200,100.0000,0.036320,20,2026-07-19T22:02:32
0,1,lukasiewicz,linear,3,marginal,test,25.0200,38.5700,22.8400,82.6300,0.036320,20,2026-07-19T22:02:32
0,2,lukasiewicz,linear,3,raw,val,25.1800,37.7800,21.2800,71.6000,0.037859,20,2026-07-19T22:06:22
0,2,lukasiewicz,linear,3,hard,val,25.1800,38.5400,25.1800,100.0000,0.037859,20,2026-07-19T22:06:22
0,2,lukasiewicz,linear,3,marginal,val,25.1800,38.8800,23.2000,82.8800,0.037859,20,2026-07-19T22:06:22
0,2,lukasiewicz,linear,3,raw,test,24.9700,37.1600,20.9300,72.1200,0.038549,20,2026-07-19T22:06:23
0,2,lukasiewicz,linear,3,hard,test,24.9700,38.0900,24.9700,100.0000,0.038549,20,2026-07-19T22:06:23
0,2,lukasiewicz,linear,3,marginal,test,24.9700,38.4500,23.0500,82.8600,0.038549,20,2026-07-19T22:06:23
0,3,lukasiewicz,linear,3,raw,val,24.7800,37.7600,20.6200,70.0800,0.039526,20,2026-07-19T22:10:13
0,3,lukasiewicz,linear,3,hard,val,24.7800,37.7000,24.7800,100.0000,0.039526,20,2026-07-19T22:10:13
0,3,lukasiewicz,linear,3,marginal,val,24.7800,38.0000,22.5400,82.0400,0.039526,20,2026-07-19T22:10:13
0,3,lukasiewicz,linear,3,raw,test,24.7700,37.6300,21.0500,71.6100,0.037365,20,2026-07-19T22:10:14
0,3,lukasiewicz,linear,3,hard,test,24.7700,37.2700,24.7700,100.0000,0.037365,20,2026-07-19T22:10:14
0,3,lukasiewicz,linear,3,marginal,test,24.7700,38.2200,22.8100,82.3100,0.037365,20,2026-07-19T22:10:14
0,4,lukasiewicz,linear,3,raw,val,24.2200,37.5200,20.4200,71.3400,0.036356,20,2026-07-19T22:13:21
0,4,lukasiewicz,linear,3,hard,val,24.2200,37.6600,24.2200,100.0000,0.036356,20,2026-07-19T22:13:21
0,4,lukasiewicz,linear,3,marginal,val,24.2200,38.2000,22.4000,81.6600,0.036356,20,2026-07-19T22:13:21
0,4,lukasiewicz,linear,3,raw,test,24.9300,37.5800,20.7600,72.3300,0.036384,20,2026-07-19T22:13:21
0,4,lukasiewicz,linear,3,hard,test,24.9300,37.9100,24.9300,100.0000,0.036384,20,2026-07-19T22:13:21
0,4,lukasiewicz,linear,3,marginal,test,24.9300,38.2600,22.6500,81.7600,0.036384,20,2026-07-19T22:13:21
0.1,0,lukasiewicz,linear,3,raw,val,25.0400,38.0600,21.1600,71.8400,0.033676,20,2026-07-19T22:16:34
0.1,0,lukasiewicz,linear,3,hard,val,25.0400,37.9600,25.0400,100.0000,0.033676,20,2026-07-19T22:16:34
0.1,0,lukasiewicz,linear,3,marginal,val,25.0400,38.7200,23.2600,83.4000,0.033676,20,2026-07-19T22:16:34
0.1,0,lukasiewicz,linear,3,raw,test,24.7200,37.3900,21.2500,72.4800,0.033965,20,2026-07-19T22:16:34
0.1,0,lukasiewicz,linear,3,hard,test,24.7200,37.5700,24.7200,100.0000,0.033965,20,2026-07-19T22:16:34
0.1,0,lukasiewicz,linear,3,marginal,test,24.7200,38.0800,22.8100,83.0600,0.033965,20,2026-07-19T22:16:34
0.1,1,lukasiewicz,linear,3,raw,val,24.4400,37.2400,20.6000,70.8000,0.031915,20,2026-07-19T22:19:36
0.1,1,lukasiewicz,linear,3,hard,val,24.4400,37.3600,24.4400,100.0000,0.031915,20,2026-07-19T22:19:36
0.1,1,lukasiewicz,linear,3,marginal,val,24.4400,37.4200,22.1000,81.9000,0.031915,20,2026-07-19T22:19:36
0.1,1,lukasiewicz,linear,3,raw,test,24.4900,37.6400,20.6400,71.6700,0.031057,20,2026-07-19T22:19:37
0.1,1,lukasiewicz,linear,3,hard,test,24.4900,37.4500,24.4900,100.0000,0.031057,20,2026-07-19T22:19:37
0.1,1,lukasiewicz,linear,3,marginal,test,24.4900,38.3700,22.3900,81.4800,0.031057,20,2026-07-19T22:19:37
0.1,2,lukasiewicz,linear,3,raw,val,24.9800,37.5000,21.2400,72.4800,0.032669,20,2026-07-19T22:22:35
0.1,2,lukasiewicz,linear,3,hard,val,24.9800,37.9800,24.9800,100.0000,0.032669,20,2026-07-19T22:22:35
0.1,2,lukasiewicz,linear,3,marginal,val,24.9800,38.6200,23.1600,82.9600,0.032669,20,2026-07-19T22:22:35
0.1,2,lukasiewicz,linear,3,raw,test,24.4400,37.3700,20.7100,72.1600,0.032173,20,2026-07-19T22:22:35
0.1,2,lukasiewicz,linear,3,hard,test,24.4400,37.7600,24.4400,100.0000,0.032173,20,2026-07-19T22:22:35
0.1,2,lukasiewicz,linear,3,marginal,test,24.4400,38.2600,22.5700,82.1800,0.032173,20,2026-07-19T22:22:35
0.1,3,lukasiewicz,linear,3,raw,val,25.1600,37.9800,21.5400,72.3800,0.037512,20,2026-07-19T22:25:26
0.1,3,lukasiewicz,linear,3,hard,val,25.1600,38.2800,25.1600,100.0000,0.037512,20,2026-07-19T22:25:26
0.1,3,lukasiewicz,linear,3,marginal,val,25.1600,39.2000,23.4000,83.1000,0.037512,20,2026-07-19T22:25:26
0.1,3,lukasiewicz,linear,3,raw,test,24.8200,36.9600,20.5900,72.1800,0.035822,20,2026-07-19T22:25:26
0.1,3,lukasiewicz,linear,3,hard,test,24.8200,37.9400,24.8200,100.0000,0.035822,20,2026-07-19T22:25:26
0.1,3,lukasiewicz,linear,3,marginal,test,24.8200,38.0000,22.6700,83.2400,0.035822,20,2026-07-19T22:25:26
0.1,4,lukasiewicz,linear,3,raw,val,24.8800,37.4400,20.6600,72.4600,0.034468,20,2026-07-19T22:28:24
0.1,4,lukasiewicz,linear,3,hard,val,24.8800,38.0600,24.8800,100.0000,0.034468,20,2026-07-19T22:28:24
0.1,4,lukasiewicz,linear,3,marginal,val,24.8800,38.1000,22.5800,83.0200,0.034468,20,2026-07-19T22:28:24
0.1,4,lukasiewicz,linear,3,raw,test,24.3300,36.9400,20.4500,72.3900,0.033716,20,2026-07-19T22:28:25
0.1,4,lukasiewicz,linear,3,hard,test,24.3300,37.4400,24.3300,100.0000,0.033716,20,2026-07-19T22:28:25
0.1,4,lukasiewicz,linear,3,marginal,test,24.3300,38.0000,22.3500,82.7600,0.033716,20,2026-07-19T22:28:25
0.5,0,lukasiewicz,linear,3,raw,val,24.8800,38.0000,21.4200,74.8400,0.024603,20,2026-07-19T22:31:35
0.5,0,lukasiewicz,linear,3,hard,val,24.8800,38.2400,24.8800,100.0000,0.024603,20,2026-07-19T22:31:35
0.5,0,lukasiewicz,linear,3,marginal,val,24.8800,39.0000,23.0000,82.8800,0.024603,20,2026-07-19T22:31:35
0.5,0,lukasiewicz,linear,3,raw,test,24.6300,37.0300,21.0700,74.6200,0.025211,20,2026-07-19T22:31:36
0.5,0,lukasiewicz,linear,3,hard,test,24.6300,37.8500,24.6300,100.0000,0.025211,20,2026-07-19T22:31:36
0.5,0,lukasiewicz,linear,3,marginal,test,24.6300,38.2100,22.4400,82.3200,0.025211,20,2026-07-19T22:31:36
0.5,1,lukasiewicz,linear,3,raw,val,24.9200,37.3600,20.7200,74.5000,0.020568,20,2026-07-19T22:34:40
0.5,1,lukasiewicz,linear,3,hard,val,24.9200,38.6600,24.9200,100.0000,0.020568,20,2026-07-19T22:34:40
0.5,1,lukasiewicz,linear,3,marginal,val,24.9200,38.5000,22.5000,82.6400,0.020568,20,2026-07-19T22:34:40
0.5,1,lukasiewicz,linear,3,raw,test,24.6400,37.6200,21.3200,74.7700,0.020482,20,2026-07-19T22:34:40
0.5,1,lukasiewicz,linear,3,hard,test,24.6400,37.9100,24.6400,100.0000,0.020482,20,2026-07-19T22:34:40
0.5,1,lukasiewicz,linear,3,marginal,test,24.6400,38.3300,22.6200,83.0900,0.020482,20,2026-07-19T22:34:40
0.5,2,lukasiewicz,linear,3,raw,val,24.1200,37.1000,20.6600,73.7400,0.023621,20,2026-07-19T22:37:32
0.5,2,lukasiewicz,linear,3,hard,val,24.1200,37.1800,24.1200,100.0000,0.023621,20,2026-07-19T22:37:32
0.5,2,lukasiewicz,linear,3,marginal,val,24.1200,38.4000,22.2800,81.5400,0.023621,20,2026-07-19T22:37:32
0.5,2,lukasiewicz,linear,3,raw,test,24.1300,36.5800,20.5200,74.4200,0.024261,20,2026-07-19T22:37:33
0.5,2,lukasiewicz,linear,3,hard,test,24.1300,37.6600,24.1300,100.0000,0.024261,20,2026-07-19T22:37:33
0.5,2,lukasiewicz,linear,3,marginal,test,24.1300,37.9800,21.9200,82.9800,0.024261,20,2026-07-19T22:37:33
0.5,3,lukasiewicz,linear,3,raw,val,24.1600,37.2400,20.9800,74.8400,0.022477,20,2026-07-19T22:40:57
0.5,3,lukasiewicz,linear,3,hard,val,24.1600,36.9800,24.1600,100.0000,0.022477,20,2026-07-19T22:40:57
0.5,3,lukasiewicz,linear,3,marginal,val,24.1600,38.1400,22.3600,83.6200,0.022477,20,2026-07-19T22:40:57
0.5,3,lukasiewicz,linear,3,raw,test,24.7100,37.5500,21.1600,74.4300,0.022805,20,2026-07-19T22:40:58
0.5,3,lukasiewicz,linear,3,hard,test,24.7100,38.2800,24.7100,100.0000,0.022805,20,2026-07-19T22:40:58
0.5,3,lukasiewicz,linear,3,marginal,test,24.7100,38.9400,22.7000,82.5100,0.022805,20,2026-07-19T22:40:58
0.5,4,lukasiewicz,linear,3,raw,val,24.1400,38.1200,21.0200,73.3600,0.026113,20,2026-07-19T22:44:06
0.5,4,lukasiewicz,linear,3,hard,val,24.1400,37.9000,24.1400,100.0000,0.026113,20,2026-07-19T22:44:06
0.5,4,lukasiewicz,linear,3,marginal,val,24.1400,38.1400,22.1000,82.2000,0.026113,20,2026-07-19T22:44:06
0.5,4,lukasiewicz,linear,3,raw,test,24.7600,38.1100,21.1800,74.1300,0.025159,20,2026-07-19T22:44:07
0.5,4,lukasiewicz,linear,3,hard,test,24.7600,38.4300,24.7600,100.0000,0.025159,20,2026-07-19T22:44:07
0.5,4,lukasiewicz,linear,3,marginal,test,24.7600,38.5900,22.7200,83.3300,0.025159,20,2026-07-19T22:44:07
1,0,lukasiewicz,linear,3,raw,val,24.3000,37.1000,21.0600,76.1200,0.014732,20,2026-07-19T22:47:19
1,0,lukasiewicz,linear,3,hard,val,24.3000,38.1200,24.3000,100.0000,0.014732,20,2026-07-19T22:47:19
1,0,lukasiewicz,linear,3,marginal,val,24.3000,37.9600,21.8600,82.4200,0.014732,20,2026-07-19T22:47:19
1,0,lukasiewicz,linear,3,raw,test,24.6800,37.3900,21.4600,75.9500,0.015158,20,2026-07-19T22:47:19
1,0,lukasiewicz,linear,3,hard,test,24.6800,37.9800,24.6800,100.0000,0.015158,20,2026-07-19T22:47:19
1,0,lukasiewicz,linear,3,marginal,test,24.6800,38.4100,22.7100,82.4600,0.015158,20,2026-07-19T22:47:19
1,1,lukasiewicz,linear,3,raw,val,24.0000,36.8600,20.7800,76.2600,0.015006,20,2026-07-19T22:50:29
1,1,lukasiewicz,linear,3,hard,val,24.0000,37.5400,24.0000,100.0000,0.015006,20,2026-07-19T22:50:29
1,1,lukasiewicz,linear,3,marginal,val,24.0000,37.9200,21.9600,83.0000,0.015006,20,2026-07-19T22:50:29
1,1,lukasiewicz,linear,3,raw,test,24.1800,37.6100,20.8400,75.8000,0.014066,20,2026-07-19T22:50:30
1,1,lukasiewicz,linear,3,hard,test,24.1800,38.0900,24.1800,100.0000,0.014066,20,2026-07-19T22:50:30
1,1,lukasiewicz,linear,3,marginal,test,24.1800,38.1800,21.8200,82.2300,0.014066,20,2026-07-19T22:50:30
1,2,lukasiewicz,linear,3,raw,val,24.6800,36.9800,21.4800,75.9000,0.015457,20,2026-07-19T22:54:25
1,2,lukasiewicz,linear,3,hard,val,24.6800,38.0600,24.6800,100.0000,0.015457,20,2026-07-19T22:54:25
1,2,lukasiewicz,linear,3,marginal,val,24.6800,38.2400,22.5400,82.5400,0.015457,20,2026-07-19T22:54:25
1,2,lukasiewicz,linear,3,raw,test,24.5300,37.1700,21.2300,76.1200,0.015538,20,2026-07-19T22:54:26
1,2,lukasiewicz,linear,3,hard,test,24.5300,38.1200,24.5300,100.0000,0.015538,20,2026-07-19T22:54:26
1,2,lukasiewicz,linear,3,marginal,test,24.5300,38.0000,22.3300,83.0400,0.015538,20,2026-07-19T22:54:26
1,3,lukasiewicz,linear,3,raw,val,25.2800,37.8400,21.9000,77.1000,0.015627,20,2026-07-19T22:57:58
1,3,lukasiewicz,linear,3,hard,val,25.2800,39.0800,25.2800,100.0000,0.015627,20,2026-07-19T22:57:58
1,3,lukasiewicz,linear,3,marginal,val,25.2800,38.8800,23.1800,83.9200,0.015627,20,2026-07-19T22:57:58
1,3,lukasiewicz,linear,3,raw,test,24.8500,37.8000,21.7200,75.9800,0.015738,20,2026-07-19T22:57:58
1,3,lukasiewicz,linear,3,hard,test,24.8500,38.4600,24.8500,100.0000,0.015738,20,2026-07-19T22:57:58
1,3,lukasiewicz,linear,3,marginal,test,24.8500,38.2700,22.6800,83.5300,0.015738,20,2026-07-19T22:57:58
1,4,lukasiewicz,linear,3,raw,val,25.1400,37.2800,21.4600,76.2400,0.014955,20,2026-07-19T23:01:07
1,4,lukasiewicz,linear,3,hard,val,25.1400,38.1000,25.1400,100.0000,0.014955,20,2026-07-19T23:01:07
1,4,lukasiewicz,linear,3,marginal,val,25.1400,38.0400,22.5000,82.7600,0.014955,20,2026-07-19T23:01:07
1,4,lukasiewicz,linear,3,raw,test,24.7800,37.6000,21.5300,76.7300,0.014158,20,2026-07-19T23:01:07
1,4,lukasiewicz,linear,3,hard,test,24.7800,38.0100,24.7800,100.0000,0.014158,20,2026-07-19T23:01:07
1,4,lukasiewicz,linear,3,marginal,test,24.7800,38.5800,22.6300,83.2000,0.014158,20,2026-07-19T23:01:07
2,0,lukasiewicz,linear,3,raw,val,24.9800,38.1800,21.8800,77.6400,0.008999,20,2026-07-19T23:04:10
2,0,lukasiewicz,linear,3,hard,val,24.9800,38.6400,24.9800,100.0000,0.008999,20,2026-07-19T23:04:10
2,0,lukasiewicz,linear,3,marginal,val,24.9800,38.8800,22.7200,83.1200,0.008999,20,2026-07-19T23:04:10
2,0,lukasiewicz,linear,3,raw,test,24.4100,37.9700,21.6500,78.1900,0.007988,20,2026-07-19T23:04:10
2,0,lukasiewicz,linear,3,hard,test,24.4100,37.9300,24.4100,100.0000,0.007988,20,2026-07-19T23:04:10
2,0,lukasiewicz,linear,3,marginal,test,24.4100,38.4100,22.5000,83.1200,0.007988,20,2026-07-19T23:04:10
2,1,lukasiewicz,linear,3,raw,val,23.8800,38.1800,21.3200,79.1000,0.008318,20,2026-07-19T23:07:15
2,1,lukasiewicz,linear,3,hard,val,23.8800,38.3600,23.8800,100.0000,0.008318,20,2026-07-19T23:07:15
2,1,lukasiewicz,linear,3,marginal,val,23.8800,38.6600,22.1400,85.3200,0.008318,20,2026-07-19T23:07:15
2,1,lukasiewicz,linear,3,raw,test,24.6600,37.8600,22.0100,80.2500,0.008274,20,2026-07-19T23:07:16
2,1,lukasiewicz,linear,3,hard,test,24.6600,38.3100,24.6600,100.0000,0.008274,20,2026-07-19T23:07:16
2,1,lukasiewicz,linear,3,marginal,test,24.6600,38.2000,22.6100,84.9200,0.008274,20,2026-07-19T23:07:16
2,2,lukasiewicz,linear,3,raw,val,24.0400,38.1000,21.4400,78.6800,0.008393,20,2026-07-19T23:09:56
2,2,lukasiewicz,linear,3,hard,val,24.0400,38.0000,24.0400,100.0000,0.008393,20,2026-07-19T23:09:56
2,2,lukasiewicz,linear,3,marginal,val,24.0400,38.2000,22.2400,84.0200,0.008393,20,2026-07-19T23:09:56
2,2,lukasiewicz,linear,3,raw,test,23.8900,37.5300,21.2500,79.0900,0.008818,20,2026-07-19T23:09:56
2,2,lukasiewicz,linear,3,hard,test,23.8900,38.0400,23.8900,100.0000,0.008818,20,2026-07-19T23:09:56
2,2,lukasiewicz,linear,3,marginal,test,23.8900,37.9700,21.8800,83.8100,0.008818,20,2026-07-19T23:09:56
2,3,lukasiewicz,linear,3,raw,val,24.2600,37.4200,21.3000,78.6400,0.009306,20,2026-07-19T23:12:39
2,3,lukasiewicz,linear,3,hard,val,24.2600,37.5000,24.2600,100.0000,0.009306,20,2026-07-19T23:12:39
2,3,lukasiewicz,linear,3,marginal,val,24.2600,38.3800,22.5000,84.5600,0.009306,20,2026-07-19T23:12:39
2,3,lukasiewicz,linear,3,raw,test,24.7700,37.6200,21.9400,78.3600,0.008727,20,2026-07-19T23:12:40
2,3,lukasiewicz,linear,3,hard,test,24.7700,38.1200,24.7700,100.0000,0.008727,20,2026-07-19T23:12:40
2,3,lukasiewicz,linear,3,marginal,test,24.7700,38.4600,22.5600,82.9500,0.008727,20,2026-07-19T23:12:40
2,4,lukasiewicz,linear,3,raw,val,23.9400,38.0400,21.1600,78.3000,0.007516,20,2026-07-19T23:15:31
2,4,lukasiewicz,linear,3,hard,val,23.9400,38.6400,23.9400,100.0000,0.007516,20,2026-07-19T23:15:31
2,4,lukasiewicz,linear,3,marginal,val,23.9400,38.4600,21.8000,83.7600,0.007516,20,2026-07-19T23:15:31
2,4,lukasiewicz,linear,3,raw,test,24.4000,37.3200,21.6100,78.8300,0.007444,20,2026-07-19T23:15:32
2,4,lukasiewicz,linear,3,hard,test,24.4000,37.9000,24.4000,100.0000,0.007444,20,2026-07-19T23:15:32
2,4,lukasiewicz,linear,3,marginal,test,24.4000,38.1900,22.3700,83.7600,0.007444,20,2026-07-19T23:15:32
5,0,lukasiewicz,linear,3,raw,val,23.6400,37.7200,21.8400,81.7200,0.003420,20,2026-07-19T23:18:30
5,0,lukasiewicz,linear,3,hard,val,23.6400,37.6000,23.6400,100.0000,0.003420,20,2026-07-19T23:18:30
5,0,lukasiewicz,linear,3,marginal,val,23.6400,38.0000,21.8800,84.3000,0.003420,20,2026-07-19T23:18:30
5,0,lukasiewicz,linear,3,raw,test,24.2200,37.8500,21.9900,80.3700,0.003413,20,2026-07-19T23:18:30
5,0,lukasiewicz,linear,3,hard,test,24.2200,37.8500,24.2200,100.0000,0.003413,20,2026-07-19T23:18:30
5,0,lukasiewicz,linear,3,marginal,test,24.2200,38.1800,22.2000,83.2600,0.003413,20,2026-07-19T23:18:30
5,1,lukasiewicz,linear,3,raw,val,24.2200,38.3400,22.1200,81.7800,0.003749,20,2026-07-19T23:20:47
5,1,lukasiewicz,linear,3,hard,val,24.2200,38.1400,24.2200,100.0000,0.003749,20,2026-07-19T23:20:47
5,1,lukasiewicz,linear,3,marginal,val,24.2200,38.6800,22.3400,84.6200,0.003749,20,2026-07-19T23:20:47
5,1,lukasiewicz,linear,3,raw,test,24.1200,37.9000,21.8400,81.6900,0.003648,20,2026-07-19T23:20:48
5,1,lukasiewicz,linear,3,hard,test,24.1200,38.2200,24.1200,100.0000,0.003648,20,2026-07-19T23:20:48
5,1,lukasiewicz,linear,3,marginal,test,24.1200,38.3700,22.4400,85.4100,0.003648,20,2026-07-19T23:20:48
5,2,lukasiewicz,linear,3,raw,val,23.9200,37.7000,21.6800,80.3400,0.003983,20,2026-07-19T23:22:41
5,2,lukasiewicz,linear,3,hard,val,23.9200,38.1400,23.9200,100.0000,0.003983,20,2026-07-19T23:22:41
5,2,lukasiewicz,linear,3,marginal,val,23.9200,38.4800,22.3400,85.2400,0.003983,20,2026-07-19T23:22:41
5,2,lukasiewicz,linear,3,raw,test,23.7200,37.6800,21.2400,80.9800,0.003888,20,2026-07-19T23:22:41
5,2,lukasiewicz,linear,3,hard,test,23.7200,38.1500,23.7200,100.0000,0.003888,20,2026-07-19T23:22:41
5,2,lukasiewicz,linear,3,marginal,test,23.7200,38.2100,21.6400,85.1900,0.003888,20,2026-07-19T23:22:41
5,3,lukasiewicz,linear,3,raw,val,23.6000,38.0400,21.4600,81.5600,0.002794,20,2026-07-19T23:25:11
5,3,lukasiewicz,linear,3,hard,val,23.6000,37.8400,23.6000,100.0000,0.002794,20,2026-07-19T23:25:11
5,3,lukasiewicz,linear,3,marginal,val,23.6000,38.0600,21.5000,84.1800,0.002794,20,2026-07-19T23:25:11
5,3,lukasiewicz,linear,3,raw,test,24.1900,38.0300,21.8900,81.0000,0.003374,20,2026-07-19T23:25:12
5,3,lukasiewicz,linear,3,hard,test,24.1900,38.4700,24.1900,100.0000,0.003374,20,2026-07-19T23:25:12
5,3,lukasiewicz,linear,3,marginal,test,24.1900,38.3000,22.0400,83.7400,0.003374,20,2026-07-19T23:25:12
5,4,lukasiewicz,linear,3,raw,val,24.0200,38.0600,21.5800,81.7600,0.002975,20,2026-07-19T23:28:06
5,4,lukasiewicz,linear,3,hard,val,24.0200,38.5000,24.0200,100.0000,0.002975,20,2026-07-19T23:28:06
5,4,lukasiewicz,linear,3,marginal,val,24.0200,38.4800,21.9800,84.9600,0.002975,20,2026-07-19T23:28:06
5,4,lukasiewicz,linear,3,raw,test,23.4900,36.8200,21.2500,80.8500,0.003104,20,2026-07-19T23:28:07
5,4,lukasiewicz,linear,3,hard,test,23.4900,37.3400,23.4900,100.0000,0.003104,20,2026-07-19T23:28:07
5,4,lukasiewicz,linear,3,marginal,test,23.4900,37.5600,21.6400,84.4500,0.003104,20,2026-07-19T23:28:07
2,0,product,linear,3,raw,val,23.2400,37.2200,21.1800,82.9800,0.002187,20,2026-07-19T23:36:53
2,0,product,linear,3,hard,val,23.2400,37.3800,23.2400,100.0000,0.002187,20,2026-07-19T23:36:53
2,0,product,linear,3,marginal,val,23.2400,37.3600,21.2000,85.6200,0.002187,20,2026-07-19T23:36:53
2,0,product,linear,3,raw,test,23.4400,37.4400,21.4800,82.8900,0.002470,20,2026-07-19T23:36:54
2,0,product,linear,3,hard,test,23.4400,37.3700,23.4400,100.0000,0.002470,20,2026-07-19T23:36:54
2,0,product,linear,3,marginal,test,23.4400,37.5300,21.7900,85.7600,0.002470,20,2026-07-19T23:36:54
2,1,product,linear,3,raw,val,23.8000,38.0200,21.9200,83.7600,0.002777,20,2026-07-19T23:39:19
2,1,product,linear,3,hard,val,23.8000,38.3000,23.8000,100.0000,0.002777,20,2026-07-19T23:39:19
2,1,product,linear,3,marginal,val,23.8000,38.3800,21.9400,86.2000,0.002777,20,2026-07-19T23:39:19
2,1,product,linear,3,raw,test,23.4000,37.2400,21.1600,83.8200,0.002804,20,2026-07-19T23:39:19
2,1,product,linear,3,hard,test,23.4000,38.0600,23.4000,100.0000,0.002804,20,2026-07-19T23:39:19
2,1,product,linear,3,marginal,test,23.4000,37.5000,21.3500,86.2900,0.002804,20,2026-07-19T23:39:19
2,2,product,linear,3,raw,val,23.2000,37.3000,20.8400,82.4800,0.002146,20,2026-07-19T23:41:32
2,2,product,linear,3,hard,val,23.2000,37.9600,23.2000,100.0000,0.002146,20,2026-07-19T23:41:32
2,2,product,linear,3,marginal,val,23.2000,37.2600,21.1200,85.2800,0.002146,20,2026-07-19T23:41:32
2,2,product,linear,3,raw,test,23.4600,37.2300,21.4100,82.4400,0.002392,20,2026-07-19T23:41:32
2,2,product,linear,3,hard,test,23.4600,37.6400,23.4600,100.0000,0.002392,20,2026-07-19T23:41:32
2,2,product,linear,3,marginal,test,23.4600,37.7200,21.7800,85.6200,0.002392,20,2026-07-19T23:41:32
2,0,godel,linear,3,raw,val,24.9600,37.2000,21.6000,73.8400,0.033006,20,2026-07-19T23:44:01
2,0,godel,linear,3,hard,val,24.9600,37.4800,24.9600,100.0000,0.033006,20,2026-07-19T23:44:01
2,0,godel,linear,3,marginal,val,24.9600,37.9800,22.7800,82.5200,0.033006,20,2026-07-19T23:44:01
2,0,godel,linear,3,raw,test,24.9400,38.6600,21.6000,73.2200,0.032054,20,2026-07-19T23:44:02
2,0,godel,linear,3,hard,test,24.9400,38.2500,24.9400,100.0000,0.032054,20,2026-07-19T23:44:02
2,0,godel,linear,3,marginal,test,24.9400,38.8900,23.0400,82.5600,0.032054,20,2026-07-19T23:44:02
2,1,godel,linear,3,raw,val,26.0200,38.2400,22.2400,73.5000,0.031672,20,2026-07-19T23:46:49
2,1,godel,linear,3,hard,val,26.0200,38.2600,26.0200,100.0000,0.031672,20,2026-07-19T23:46:49
2,1,godel,linear,3,marginal,val,26.0200,38.4800,23.7000,82.3000,0.031672,20,2026-07-19T23:46:49
2,1,godel,linear,3,raw,test,24.7800,37.1200,21.2300,73.1400,0.031258,20,2026-07-19T23:46:49
2,1,godel,linear,3,hard,test,24.7800,37.3300,24.7800,100.0000,0.031258,20,2026-07-19T23:46:49
2,1,godel,linear,3,marginal,test,24.7800,38.2600,22.6800,81.4600,0.031258,20,2026-07-19T23:46:49
2,2,godel,linear,3,raw,val,25.4400,38.2600,21.3800,74.0200,0.027213,20,2026-07-19T23:49:14
2,2,godel,linear,3,hard,val,25.4400,38.7800,25.4400,100.0000,0.027213,20,2026-07-19T23:49:14
2,2,godel,linear,3,marginal,val,25.4400,39.3200,23.2000,82.4600,0.027213,20,2026-07-19T23:49:14
2,2,godel,linear,3,raw,test,24.3200,37.1200,20.9200,73.5400,0.027814,20,2026-07-19T23:49:15
2,2,godel,linear,3,hard,test,24.3200,37.3200,24.3200,100.0000,0.027814,20,2026-07-19T23:49:15
2,2,godel,linear,3,marginal,test,24.3200,38.2400,22.5900,82.0700,0.027814,20,2026-07-19T23:49:15
2,0,lukasiewicz,squared,3,raw,val,24.9800,37.3800,21.4000,73.8200,0.026889,20,2026-07-19T23:51:45
2,0,lukasiewicz,squared,3,hard,val,24.9800,38.3600,24.9800,100.0000,0.026889,20,2026-07-19T23:51:45
2,0,lukasiewicz,squared,3,marginal,val,24.9800,38.6400,23.0400,83.5400,0.026889,20,2026-07-19T23:51:45
2,0,lukasiewicz,squared,3,raw,test,24.2300,37.2400,20.6700,73.0900,0.027382,20,2026-07-19T23:51:46
2,0,lukasiewicz,squared,3,hard,test,24.2300,37.0100,24.2300,100.0000,0.027382,20,2026-07-19T23:51:46
2,0,lukasiewicz,squared,3,marginal,test,24.2300,37.8700,22.1100,81.9600,0.027382,20,2026-07-19T23:51:46
2,1,lukasiewicz,squared,3,raw,val,24.0800,37.7600,20.7400,73.1400,0.025059,20,2026-07-19T23:54:27
2,1,lukasiewicz,squared,3,hard,val,24.0800,38.0600,24.0800,100.0000,0.025059,20,2026-07-19T23:54:27
2,1,lukasiewicz,squared,3,marginal,val,24.0800,38.7800,22.3200,83.2400,0.025059,20,2026-07-19T23:54:27
2,1,lukasiewicz,squared,3,raw,test,24.1500,37.3200,20.5700,73.8500,0.024702,20,2026-07-19T23:54:28
2,1,lukasiewicz,squared,3,hard,test,24.1500,37.7800,24.1500,100.0000,0.024702,20,2026-07-19T23:54:28
2,1,lukasiewicz,squared,3,marginal,test,24.1500,37.9300,21.8400,82.4100,0.024702,20,2026-07-19T23:54:28
2,2,lukasiewicz,squared,3,raw,val,24.8800,37.3200,21.1600,73.3800,0.024977,20,2026-07-19T23:57:19
2,2,lukasiewicz,squared,3,hard,val,24.8800,38.4000,24.8800,100.0000,0.024977,20,2026-07-19T23:57:19
2,2,lukasiewicz,squared,3,marginal,val,24.8800,38.4200,22.6000,81.8400,0.024977,20,2026-07-19T23:57:19
2,2,lukasiewicz,squared,3,raw,test,24.8500,36.8100,20.7400,73.2500,0.026233,20,2026-07-19T23:57:20
2,2,lukasiewicz,squared,3,hard,test,24.8500,37.9900,24.8500,100.0000,0.026233,20,2026-07-19T23:57:20
2,2,lukasiewicz,squared,3,marginal,test,24.8500,38.0800,22.5100,82.2800,0.026233,20,2026-07-19T23:57:20
2,0,lukasiewicz,linear,0,raw,val,23.7000,37.6200,21.1400,78.9200,0.007734,20,2026-07-19T23:59:14
2,0,lukasiewicz,linear,0,hard,val,23.7000,37.3600,23.7000,100.0000,0.007734,20,2026-07-19T23:59:14
2,0,lukasiewicz,linear,0,marginal,val,23.7000,37.5800,21.6000,83.9400,0.007734,20,2026-07-19T23:59:14
2,0,lukasiewicz,linear,0,raw,test,24.2700,37.3700,21.3700,77.9400,0.008848,20,2026-07-19T23:59:15
2,0,lukasiewicz,linear,0,hard,test,24.2700,38.0200,24.2700,100.0000,0.008848,20,2026-07-19T23:59:15
2,0,lukasiewicz,linear,0,marginal,test,24.2700,38.0600,22.1600,83.1300,0.008848,20,2026-07-19T23:59:15
2,1,lukasiewicz,linear,0,raw,val,24.2000,37.4200,21.3600,79.1200,0.007806,20,2026-07-20T00:01:05
2,1,lukasiewicz,linear,0,hard,val,24.2000,38.3400,24.2000,100.0000,0.007806,20,2026-07-20T00:01:05
2,1,lukasiewicz,linear,0,marginal,val,24.2000,38.4800,22.1200,84.1200,0.007806,20,2026-07-20T00:01:05
2,1,lukasiewicz,linear,0,raw,test,23.8000,37.4000,21.3800,78.9400,0.008015,20,2026-07-20T00:01:05
2,1,lukasiewicz,linear,0,hard,test,23.8000,37.1800,23.8000,100.0000,0.008015,20,2026-07-20T00:01:05
2,1,lukasiewicz,linear,0,marginal,test,23.8000,37.7500,22.0600,84.2600,0.008015,20,2026-07-20T00:01:05
2,2,lukasiewicz,linear,0,raw,val,24.6600,37.4400,21.5200,78.4800,0.009841,20,2026-07-20T00:02:58
2,2,lukasiewicz,linear,0,hard,val,24.6600,38.5000,24.6600,100.0000,0.009841,20,2026-07-20T00:02:58
2,2,lukasiewicz,linear,0,marginal,val,24.6600,38.3200,22.5600,83.6800,0.009841,20,2026-07-20T00:02:58
2,2,lukasiewicz,linear,0,raw,test,24.2700,38.0100,21.6100,78.4800,0.009778,20,2026-07-20T00:02:58
2,2,lukasiewicz,linear,0,hard,test,24.2700,37.9300,24.2700,100.0000,0.009778,20,2026-07-20T00:02:58
2,2,lukasiewicz,linear,0,marginal,test,24.2700,38.1900,22.2900,84.3200,0.009778,20,2026-07-20T00:02:58
